"","user_id","screen_name","user_location","followers_count","statuses_count","user_time_zone","lang","month","year","friends_count"
"1",100345056,"scottgohard","still ⬆️Block⤵️Corner⬇️street",1053,31858,"","en","Dec","2009",1055
"2",247165706,"beckster319","Chicago, IL",650,6742,"Mountain Time (US & Canada)","en","Feb","2011",896
"3",249538861,"skatewake1994","",44,843,"","en","Feb","2011",154
"4",449689677,"kadirovrussia","",94773,10877,"Moscow","ru","Dec","2011",7
"5",471868887,"margosavazh","Санкт-Петербург, Россия",23305,18401,"Volgograd","ru","Jan","2012",8021
"6",1039581360,"darknally","Amerika",22,22603,"Jakarta","id","Dec","2012",40
"7",1510488662,"lagonehoe","USA",3080,2228,"Eastern Time (US & Canada)","en","Jun","2013",2369
"8",1513801268,"youjustctrlc","USA",2760,2100,"Eastern Time (US & Canada)","en","Jun","2013",2700
"9",1517678892,"mrmoraan","Philadelphia, PA",879,2044,"Eastern Time (US & Canada)","en","Jun","2013",758
"10",1518857420,"nojonathonno","USA",789,2002,"Eastern Time (US & Canada)","en","Jun","2013",440
"11",1532863891,"charlesjharper","ATL",1956,3300,"Eastern Time (US & Canada)","en","Jun","2013",1626
"12",1533813962,"prettylaraplace","USA",1795,3342,"Eastern Time (US & Canada)","en","Jun","2013",1360
"13",1584279696,"bigboyjasiah","Chicago, IL",728,1918,"Eastern Time (US & Canada)","en","Jul","2013",393
"14",1594887416,"jery_robertsyo","USA",837,1573,"Eastern Time (US & Canada)","en","Jul","2013",898
"15",1612106972,"liljordamn","USA",738,1899,"Eastern Time (US & Canada)","en","Jul","2013",608
"16",1617939218,"paulinett","USA",908,1906,"Eastern Time (US & Canada)","en","Jul","2013",1075
"17",1620474397,"ramonasnails","USA",877,1745,"Eastern Time (US & Canada)","en","Jul","2013",1138
"18",1623180199,"jeffreykahunas","",1565,2320,"Pacific Time (US & Canada)","en","Jul","2013",1586
"19",1627096807,"jassscott","Chicago, IL",674,1818,"Eastern Time (US & Canada)","en","Jul","2013",321
"20",1627699074,"cannonsher","United States",2854,10203,"Eastern Time (US & Canada)","en","Jul","2013",2487
"21",1629828379,"cassishere","New York, USA",2121,3831,"Eastern Time (US & Canada)","en","Jul","2013",2220
"22",1647045721,"carriethornthon","Alaska",2291,3222,"Eastern Time (US & Canada)","en","Aug","2013",2272
"23",1648012021,"imapharrelfake","United States",853,1771,"Eastern Time (US & Canada)","en","Aug","2013",1164
"24",1649144358,"westernwindwes","",1519,1232,"Pacific Time (US & Canada)","en","Aug","2013",1351
"25",1649487510,"hiimkhloe","USA",909,1935,"Eastern Time (US & Canada)","en","Aug","2013",859
"26",1649967228,"_nickluna_","United States",1457,2100,"Pacific Time (US & Canada)","en","Aug","2013",1262
"27",1650681522,"ilikebigbuttand","United States",2804,5554,"Eastern Time (US & Canada)","en","Aug","2013",2421
"28",1651692980,"staywoke88","USA",456,1637,"Eastern Time (US & Canada)","en","Aug","2013",551
"29",1651693646,"cynthiamhunter","United States",429,2759,"Eastern Time (US & Canada)","en","Aug","2013",451
"30",1652138929,"acejinev","NY",900,1725,"Eastern Time (US & Canada)","en","Aug","2013",806
"31",1652262638,"antonhayhay","USA",671,1936,"Eastern Time (US & Canada)","en","Aug","2013",310
"32",1652987412,"alecmooooody","USA",905,3420,"Eastern Time (US & Canada)","en","Aug","2013",530
"33",1653553555,"jaydaastonishin","Florida",916,1978,"Eastern Time (US & Canada)","en","Aug","2013",1196
"34",1655194147,"melanymelanin","St Louis, MO",963,2121,"Eastern Time (US & Canada)","en","Aug","2013",915
"35",1656024374,"imissobama","",784,2124,"Eastern Time (US & Canada)","en","Aug","2013",478
"36",1656685598,"jeannemccarthy0","USA",3242,1999,"Eastern Time (US & Canada)","en","Aug","2013",3420
"37",1657694515,"daileyjadon","US",1753,2299,"Eastern Time (US & Canada)","en","Aug","2013",1485
"38",1657833811,"adrienne_gg","USA",1822,2083,"Eastern Time (US & Canada)","en","Aug","2013",1548
"39",1658202894,"laurabaeley","United States",1073,1946,"Eastern Time (US & Canada)","en","Aug","2013",1160
"40",1658420976,"baobaeham","USA",1032,2004,"Eastern Time (US & Canada)","en","Aug","2013",836
"41",1658440730,"travisrespek","USA",826,1875,"Eastern Time (US & Canada)","en","Aug","2013",931
"42",1659549972,"malloryjared","NY",824,1811,"Eastern Time (US & Canada)","en","Aug","2013",874
"43",1660375034,"ilovesarahrich","USA",865,1747,"Eastern Time (US & Canada)","en","Aug","2013",974
"44",1660771422,"garrettsimpson_","USA",1588,2010,"Eastern Time (US & Canada)","en","Aug","2013",1339
"45",1661246144,"kateritterrrr","USA",1578,5347,"Eastern Time (US & Canada)","en","Aug","2013",1320
"46",1662453998,"errivvvvers","USA",827,1854,"Eastern Time (US & Canada)","en","Aug","2013",864
"47",1664988493,"claudia42kern","USA",2102,2574,"Eastern Time (US & Canada)","en","Aug","2013",1723
"48",1665377383,"eliasbrick","New York, USA",820,2047,"Eastern Time (US & Canada)","en","Aug","2013",903
"49",1666030405,"pamblmdaniels","USA",943,2478,"Eastern Time (US & Canada)","en","Aug","2013",549
"50",1668307436,"curtisbigman","Baltimore",3143,5510,"Eastern Time (US & Canada)","en","Aug","2013",2896
"51",1669574551,"deusxyx","USA",2694,1703,"Eastern Time (US & Canada)","en","Aug","2013",3191
"52",1670149272,"javonhidp","USA",841,3479,"Eastern Time (US & Canada)","en","Aug","2013",456
"53",1670318690,"siccerthanyou","USA",941,2039,"Eastern Time (US & Canada)","en","Aug","2013",854
"54",1671234620,"hyddrox","USA",2225,10242,"Eastern Time (US & Canada)","en","Aug","2013",2159
"55",1672624255,"samirgooden","USA",873,1739,"Eastern Time (US & Canada)","en","Aug","2013",794
"56",1674083671,"gab1aldana","USA",3356,3861,"Eastern Time (US & Canada)","en","Aug","2013",3020
"57",1676377446,"chadsloyer","USA",797,2446,"Eastern Time (US & Canada)","en","Aug","2013",872
"58",1676481360,"emileewaren","USA",1909,2170,"Eastern Time (US & Canada)","en","Aug","2013",1501
"59",1677048979,"gwennythot","Baton Rouge, LA",1055,2597,"Eastern Time (US & Canada)","en","Aug","2013",875
"60",1679279490,"ameliebaldwin","USA",2464,15227,"Eastern Time (US & Canada)","en","Aug","2013",1930
"61",1680578719,"rosieonfleek","USA",683,1229,"Eastern Time (US & Canada)","en","Aug","2013",637
"62",1681162956,"camosaseko","Chicago, IL",2608,9703,"Eastern Time (US & Canada)","en","Aug","2013",2279
"63",1682444790,"peytoncashout","USA",770,1576,"Eastern Time (US & Canada)","en","Aug","2013",746
"64",1684524144,"datwisenigga","USA",904,1844,"Eastern Time (US & Canada)","en","Aug","2013",812
"65",1685173321,"blmsoldier","USA",696,1889,"Eastern Time (US & Canada)","en","Aug","2013",707
"66",1685718216,"j0hnlarsen","America",541,2387,"Eastern Time (US & Canada)","en","Aug","2013",852
"67",1685771767,"stanleyparris","USA",849,1761,"Eastern Time (US & Canada)","en","Aug","2013",1149
"68",1686370159,"archieolivers","United States",2569,1854,"Pacific Time (US & Canada)","en","Aug","2013",3396
"69",1687183549,"bleepthepolice","USA",13196,13727,"Eastern Time (US & Canada)","en","Aug","2013",8071
"70",1688370956,"watchmewalkin","Georgia, USA",851,2259,"Pacific Time (US & Canada)","en","Aug","2013",547
"71",1690487623,"michellearry","USA",3229,2433,"Eastern Time (US & Canada)","en","Aug","2013",3290
"72",1691736218,"regieblackmon","Los Angeles, CA",856,1997,"Eastern Time (US & Canada)","en","Aug","2013",931
"73",1692501152,"cornellburchet","Los Angeles, CA",766,1786,"Eastern Time (US & Canada)","en","Aug","2013",720
"74",1694026190,"jacquelinisbest","United States",2078,3416,"Eastern Time (US & Canada)","en","Aug","2013",1757
"75",1695830984,"kelvin_chambers","United States",1506,1576,"Pacific Time (US & Canada)","en","Aug","2013",1260
"76",1699979024,"randolphburrr","Texas, USA",876,1914,"Eastern Time (US & Canada)","en","Aug","2013",917
"77",1701955429,"zzzacharyzzz","Baltimore, MD",899,1700,"Eastern Time (US & Canada)","en","Aug","2013",831
"78",1710804738,"cookncooks","United States",1468,2188,"Pacific Time (US & Canada)","en","Aug","2013",1454
"79",1715190968,"onemightyfish","USA",698,1718,"Eastern Time (US & Canada)","en","Aug","2013",831
"80",1715424829,"kenzdonovan","United States",536,2300,"Eastern Time (US & Canada)","en","Aug","2013",577
"81",1716228906,"jani_s_jac","USA",906,2217,"Eastern Time (US & Canada)","en","Aug","2013",575
"82",1716561367,"iiddaamarks","USA",1080,2194,"Eastern Time (US & Canada)","en","Aug","2013",925
"83",1720117201,"donnabrivera","USA",1623,2341,"Eastern Time (US & Canada)","en","Sep","2013",1552
"84",1720981580,"hunteroddddom","USA",2727,2076,"Eastern Time (US & Canada)","en","Sep","2013",2001
"85",1727482238,"melvinsroberts","",3169,4874,"Eastern Time (US & Canada)","en","Sep","2013",2658
"86",1768259989,"mrclydepratt","USA, Atlanta",914,1978,"Eastern Time (US & Canada)","en","Sep","2013",847
"87",1833223908,"dorothiebell","USA",1893,3069,"Eastern Time (US & Canada)","en","Sep","2013",2315
"88",1856828959,"ogdeandre","Florida, USA",774,1703,"Eastern Time (US & Canada)","en","Sep","2013",415
"89",1859674386,"drmichaelgarcia","US",851,2295,"Eastern Time (US & Canada)","en","Sep","2013",453
"90",1868496344,"brianaregland","USA",768,2938,"Eastern Time (US & Canada)","en","Sep","2013",415
"91",1868981054,"ryanmaxwell_1","United States",1839,1853,"Pacific Time (US & Canada)","en","Sep","2013",1990
"92",1914760610,"ravenicholson","NYC",807,1645,"Eastern Time (US & Canada)","en","Sep","2013",860
"93",2233297178,"arturburanof","Москва, Россия",405,1350,"Yerevan","ru","Dec","2013",1628
"94",2388391757,"boryabuchin","Москва, Россия",108,1357,"Baku","ru","Mar","2014",215
"95",2404145297,"puddin_leto","",81,1310,"Moscow","ru","Mar","2014",85
"96",2415525154,"tezaharov","Москва, Россия",2111,586,"Volgograd","ru","Mar","2014",69
"97",2419886435,"valeyina_dm","Мурманск",2466,1312,"Moscow","ru","Mar","2014",811
"98",2422793627,"bogdankravcov","Санкт-Петербург",2741,1619,"Baku","ru","Mar","2014",1564
"99",2478383999,"_sashalapin","",2219,1237,"Volgograd","ru","Apr","2014",679
"100",2484642526,"warfareww","",23876,2618,"St. Petersburg","en","Apr","2014",7481
"101",2491081213,"wadeharriot","USA",1363,3089,"Eastern Time (US & Canada)","en","May","2014",1040
"102",2492948562,"jadonhutchinson","USA",888,2139,"Eastern Time (US & Canada)","en","May","2014",1234
"103",2494509505,"kotovamarys","Калининград, Россия",4515,747,"Volgograd","ru","May","2014",62
"104",2495567768,"dailysanfran","San Francisco, CA",16812,32546,"Pacific Time (US & Canada)","en","May","2014",5128
"105",2498271878,"interfischer","United States",1609,1033,"Eastern Time (US & Canada)","en","May","2014",1828
"106",2501947239,"taisiaavdeeva","Москва, Россия",2535,937,"Volgograd","ru","Apr","2014",279
"107",2504171440,"patriotka_rusi","Москва",75,548,"Moscow","ru","Apr","2014",87
"108",2512420407,"russilanrogov","Калуга, Россия",4507,657,"Volgograd","ru","Apr","2014",75
"109",2512994207,"rusnevrotik","",97,1912,"Moscow","ru","Apr","2014",120
"110",2514979491,"razvedchica_","Я везде",2360,1135,"Volgograd","ru","Apr","2014",549
"111",2524942055,"ponomarevslav","Москва, Россия",76,490,"Moscow","ru","May","2014",274
"112",2525032463,"viborisova","Ярославль, Россия",2513,594,"Volgograd","ru","May","2014",189
"113",2527537955,"chernenkonikola","Москва",2233,1243,"Volgograd","ru","May","2014",243
"114",2527804618,"romanagafonovv","Москва, Россия",2452,835,"Moscow","ru","May","2014",379
"115",2527983201,"stepansazono","Питер",2204,529,"Volgograd","ru","May","2014",202
"116",2528245959,"vasilichvasili","Москва",2495,938,"Volgograd","ru","May","2014",192
"117",2528293132,"erofeenkoanton","Moscow",2189,701,"Volgograd","ru","May","2014",252
"118",2530603456,"aleksey_sokol_","Москва",337,2669,"Yerevan","ru","May","2014",1702
"119",2531159968,"traceyhappymom","Washington, DC",3696,4655,"Eastern Time (US & Canada)","en","May","2014",3353
"120",2532597577,"bruciedublin","USA",2161,2995,"Eastern Time (US & Canada)","en","May","2014",1807
"121",2532611755,"kathiemrr","Atlanta",2970,4267,"Eastern Time (US & Canada)","en","May","2014",3157
"122",2533001646,"jasper_fly","USA",1957,3379,"Eastern Time (US & Canada)","en","May","2014",1782
"123",2533653547,"evagreen69","USA",2668,1831,"Eastern Time (US & Canada)","en","May","2014",2884
"124",2533984805,"romangorolov","Чита",2452,1080,"Moscow","ru","May","2014",119
"125",2534875924,"6druz","",70,2024,"Moscow","ru","May","2014",11
"126",2535166748,"paolakinck","USA",2145,3518,"Eastern Time (US & Canada)","en","May","2014",2956
"127",2535218881,"heyheyhailey","Atlanta",1857,2035,"Eastern Time (US & Canada)","en","May","2014",1539
"128",2535353390,"calebpaar","Atlanta",1374,2983,"Eastern Time (US & Canada)","en","May","2014",1698
"129",2535818742,"happkendrahappy","New York",1688,2746,"Eastern Time (US & Canada)","en","May","2014",1307
"130",2536146374,"dannythehappies","Atlanta, Georgia",1857,2191,"Eastern Time (US & Canada)","en","May","2014",1548
"131",2537592520,"kolradskiy_zhuk","Барнаул, Россия",2412,795,"Moscow","ru","May","2014",106
"132",2538941639,"sovasof","",168,1158,"Volgograd","ru","May","2014",151
"133",2540596597,"holycrapchrix","Atlanta, GA",2456,4237,"Eastern Time (US & Canada)","en","Jun","2014",2134
"134",2540758755,"stanley_cox_","USA",2508,1410,"Central Time (US & Canada)","en","May","2014",2859
"135",2540882036,"heyits_toby","US",1424,1396,"Eastern Time (US & Canada)","en","Jun","2014",1676
"136",2541215075,"gvardeykalena","Санкт-Петербург",2160,549,"Moscow","ru","May","2014",50
"137",2541945841,"mr_clampin","Atlanta",2011,3777,"Eastern Time (US & Canada)","en","Jun","2014",1770
"138",2547141851,"chicagodailynew","Chicago, IL",19525,39293,"Central Time (US & Canada)","en","May","2014",7063
"139",2547539571,"msm0re","",126,1083,"Volgograd","ru","May","2014",145
"140",2559217373,"alexsvladimirov","Москва",2211,620,"Volgograd","ru","May","2014",71
"141",2559850571,"lapinolegg","Москва, Россия",83,432,"Volgograd","ru","May","2014",129
"142",2563274242,"sovetnikstatski","Москва",2147,978,"Volgograd","ru","May","2014",373
"143",2568897527,"sergbriantsev","Москва",51,1280,"Yerevan","ru","May","2014",3
"144",2569229674,"loragreeen","New - York",4009,5867,"Eastern Time (US & Canada)","en","May","2014",3363
"145",2570017414,"onlinememphis","Memphis, TN",18704,4223,"Central Time (US & Canada)","en","May","2014",5751
"146",2570250275,"aiden7757","USA",1794,2284,"Eastern Time (US & Canada)","en","May","2014",1527
"147",2570631118,"politweecs","United States",32846,559,"Central Time (US & Canada)","en","May","2014",25600
"148",2571344730,"shapka_mono","",102,935,"Volgograd","ru","Jun","2014",497
"149",2571870453,"detroitdailynew","Detroit, Michigan",18617,18924,"Central Time (US & Canada)","en","May","2014",5144
"150",2571997365,"toneporter","USA",1545,2196,"Central Time (US & Canada)","en","May","2014",1408
"151",2572058134,"leroylovesusa","USA",1545,1501,"Eastern Time (US & Canada)","en","May","2014",1321
"152",2572092279,"hipppo_","US",1969,2148,"Eastern Time (US & Canada)","en","May","2014",1855
"153",2574715662,"mihanovikov","Russia",912,765,"Volgograd","ru","Jun","2014",1148
"154",2575046530,"glebnikon","Ростов-на-Дону, Россия",2464,807,"Volgograd","ru","Jun","2014",165
"155",2575471053,"sergeev_tolik","Санкт-Петербург ",2467,956,"Volgograd","ru","Jun","2014",206
"156",2577152109,"denn_nikitin","",87,1479,"Moscow","ru","Jun","2014",70
"157",2578226850,"boriseleseev","Россия",2163,581,"Volgograd","ru","Jun","2014",229
"158",2578422308,"russianallies","Тула, Тульская область",21072,15364,"Abu Dhabi","en","Jun","2014",2926
"159",2579342751,"realrobert1987","USA",1982,1325,"Baku","en","Jun","2014",1834
"160",2584152521,"queenofthewo","Montgomery",1704,2233,"Eastern Time (US & Canada)","en","Jun","2014",1427
"161",2586491520,"bocharnikov_v","Москва, Россия",212,1368,"Nairobi","ru","Jun","2014",1372
"162",2586506586,"alexharritonov","Москва",2231,1257,"Moscow","ru","Jun","2014",136
"163",2587100717,"judelambertusa","USA",1688,1515,"Central Time (US & Canada)","en","Jun","2014",1525
"164",2587843805,"kansasdailynews","Kansas City, MO",25356,42560,"Central Time (US & Canada)","en","Jun","2014",5169
"165",2589353987,"cassieweltch","USA",1710,2455,"Eastern Time (US & Canada)","en","Jun","2014",1415
"166",2590038478,"patriotraphael","USA",1313,1521,"Eastern Time (US & Canada)","en","Jun","2014",1555
"167",2601235821,"todaypittsburgh","Pittsburgh, PA",18917,32006,"Eastern Time (US & Canada)","en","Jun","2014",6350
"168",2604334823,"jarrardnorman","USA",1738,2189,"Eastern Time (US & Canada)","en","Jun","2014",1354
"169",2606301939,"finley1589","USA",1409,4283,"Central Time (US & Canada)","en","Jun","2014",1187
"170",2616344667,"amandavgreen","United States",3557,4461,"Eastern Time (US & Canada)","en","Jun","2014",3303
"171",2620614029,"philadelphiaon","Philadelphia, PA",15904,9725,"Eastern Time (US & Canada)","en","Jun","2014",5890
"172",2620869737,"puredavie","USA",1780,1757,"Eastern Time (US & Canada)","en","Jun","2014",1603
"173",2624554209,"dailylosangeles","Los Angeles, CA",17851,7288,"Pacific Time (US & Canada)","en","Jun","2014",7200
"174",2665564544,"lavrovmuesli","",47080,11798,"Volgograd","ru","Jul","2014",2356
"175",2668171329,"brightandglory","USA",3080,3935,"Eastern Time (US & Canada)","en","Jul","2014",3240
"176",2671070290,"patriotblake","USA",2035,3325,"Eastern Time (US & Canada)","en","Jul","2014",2286
"177",2732675512,"bgarner2107","arkansas",2496,3942,"Eastern Time (US & Canada)","en","Aug","2014",2159
"178",2742482932,"cascaseyp","Boston",1907,2537,"Eastern Time (US & Canada)","en","Aug","2014",1567
"179",2743327187,"washingtonline","Washington, D.C.",31729,28939,"Eastern Time (US & Canada)","en","Aug","2014",12148
"180",2752677905,"todaynycity","New York, NY",60897,42438,"Eastern Time (US & Canada)","en","Aug","2014",5999
"181",2753146444,"onlinecleveland","City of Cleveland, USA",16297,15314,"Central Time (US & Canada)","en","Aug","2014",7621
"182",2753211010,"phoenixdailynew","City of Phoenix, Arizona",14895,19310,"Arizona","en","Aug","2014",5412
"183",2753338899,"sanantotopnews","City of San Antonio, TX",19506,13260,"Central Time (US & Canada)","en","Aug","2014",8167
"184",2882013788,"giselleevns","Pittsburgh, US",24344,18466,"Eastern Time (US & Canada)","en","Oct","2014",21953
"185",2882037326,"danageezus","USA",20941,13591,"Eastern Time (US & Canada)","en","Oct","2014",14773
"186",2882331822,"jenn_abrams","USA",61609,20576,"Eastern Time (US & Canada)","en","Oct","2014",20600
"187",2882350436,"chrixmorgan","USA",18062,10121,"Pacific Time (US & Canada)","en","Oct","2014",9033
"188",2928870434,"newspeakdaily","",5786,10611,"Eastern Time (US & Canada)","en","Dec","2014",874
"189",2943515140,"screamymonkey","",13214,45883,"Pacific Time (US & Canada)","en","Dec","2014",14051
"190",2951556370,"specialaffair","",11237,36058,"Pacific Time (US & Canada)","en","Dec","2014",10072
"191",3071479646,"baltimore0nline","Baltimore, MD",6406,10773,"Eastern Time (US & Canada)","en","Mar","2015",5272
"192",3074563039,"stlouisonline","St Louis, MO",8329,17082,"Eastern Time (US & Canada)","en","Mar","2015",5249
"193",3080829096,"richmondvoice","Richmond, VA",2804,5234,"Eastern Time (US & Canada)","en","Mar","2015",4719
"194",3083086600,"aldrich420","USA",1483,1162,"Eastern Time (US & Canada)","en","Mar","2015",1670
"195",3083844539,"hollydler","",1831,3066,"Eastern Time (US & Canada)","en","Mar","2015",1493
"196",3084088366,"priceforpierce","",2286,1695,"Eastern Time (US & Canada)","en","Mar","2015",2696
"197",3084360275,"mil0blake","USA",1916,1659,"Eastern Time (US & Canada)","en","Mar","2015",1977
"198",3084866039,"devinedevinbr","",1590,1061,"Pacific Time (US & Canada)","en","Mar","2015",1361
"199",3091936475,"newarkvoice","Newark, NJ",4108,11511,"Eastern Time (US & Canada)","en","Mar","2015",3732
"200",3091979410,"batonrougevoice","Baton Rouge, LA",3110,20707,"Eastern Time (US & Canada)","en","Mar","2015",2382
"201",3312143142,"gloed_up","StLouis",19314,28695,"Pacific Time (US & Canada)","en","Aug","2015",10011
"202",3438999494,"worldofhashtags","",7379,21500,"Eastern Time (US & Canada)","en","Sep","2015",5462
"203",3899481526,"todayinsyria","",26430,10162,"London","en","Oct","2015",6100
"204",3978316814,"blackmattersus","",15026,3252,"Pacific Time (US & Canada)","en","Oct","2015",14414
"205",3990577513,"tpartynews","",19976,1649,"Pacific Time (US & Canada)","en","Oct","2015",21908
"206",4036537452,"4mysquad","",4733,1489,"Pacific Time (US & Canada)","en","Oct","2015",4008
"207",4178313619,"blackeyeblog","",4555,1742,"Pacific Time (US & Canada)","en","Nov","2015",5155
"208",4217244274,"blk_voice","",8339,1545,"Pacific Time (US & Canada)","en","Nov","2015",6374
"209",4271904983,"itstimetosecede","All Over Texas",5391,848,"Central Time (US & Canada)","en","Nov","2015",5783
"210",4301962823,"blacknewsoutlet","Black America",11518,1370,"Pacific Time (US & Canada)","en","Nov","2015",6737
"211",4311371968,"rightnpr","",9297,791,"Pacific Time (US & Canada)","en","Nov","2015",7930
"212",4355797094,"southlonestar","Texas, USA",22049,2108,"Pacific Time (US & Canada)","en","Nov","2015",14785
"213",4856706634,"dontshootcom","",4683,757,"Pacific Time (US & Canada)","en","Jan","2016",4612
"214",4859142199,"trayneshacole","",11756,7118,"Pacific Time (US & Canada)","en","Feb","2016",9599
"215",1504356343,"gallowayeliana","USA",1000,1721,"Eastern Time (US & Canada)","en","Jun","2013",939
"216",1512371617,"catelinewatkins","USA",1194,1589,"Eastern Time (US & Canada)","en","Jun","2013",1666
"217",1527133837,"susayung","United States",953,1765,"Eastern Time (US & Canada)","en","Jun","2013",973
"218",1534083420,"taraformation","Atlanta, GA",470,641,"Eastern Time (US & Canada)","en","Jun","2013",517
"219",1621376306,"bigseanbeast","USA",670,1475,"Eastern Time (US & Canada)","en","Jul","2013",780
"220",1623062953,"notballinyet","USA",724,1346,"Eastern Time (US & Canada)","en","Jul","2013",686
"221",1626302035,"claypaigeboo","Bronx, NY",838,1328,"Eastern Time (US & Canada)","en","Jul","2013",1265
"222",1645969141,"fightm_d_b","USA",612,1717,"Eastern Time (US & Canada)","en","Aug","2013",507
"223",1646999972,"hollandpatrickk","USA",338,893,"Eastern Time (US & Canada)","en","Aug","2013",429
"224",1647637538,"kaydenmelton","Houston, TX",2780,1672,"Eastern Time (US & Canada)","en","Aug","2013",2404
"225",1649652192,"charlesrespeck","",704,1328,"Eastern Time (US & Canada)","en","Aug","2013",647
"226",1650310652,"hellieedwards","",2355,2826,"Eastern Time (US & Canada)","en","Aug","2013",3117
"227",1651108392,"wonderhann","USA",51,33,"Eastern Time (US & Canada)","en","Aug","2013",45
"228",1653393446,"johnievogue","Miami, FL",876,1610,"Eastern Time (US & Canada)","en","Aug","2013",743
"229",1654347974,"maymaymyy","USA",870,1660,"Eastern Time (US & Canada)","en","Aug","2013",742
"230",1654695517,"imaswerve","USA",795,1417,"Eastern Time (US & Canada)","en","Aug","2013",709
"231",1655288160,"sincerepruitt","Baltimore, MD",612,1272,"Eastern Time (US & Canada)","en","Aug","2013",581
"232",1655815544,"jeanuttella","USA",830,1514,"Eastern Time (US & Canada)","en","Aug","2013",647
"233",1657753759,"johnbranchh","Houston, TX",849,1685,"Eastern Time (US & Canada)","en","Aug","2013",852
"234",1659753702,"karenparker93","",1317,1957,"Eastern Time (US & Canada)","en","Aug","2013",862
"235",1660183028,"tessyelmore","Oklahoma, PA",2823,1738,"Eastern Time (US & Canada)","en","Aug","2013",2207
"236",1660186831,"adrgreerr","USA",717,1400,"Eastern Time (US & Canada)","en","Aug","2013",1214
"237",1660804459,"damanimiles","United States",815,1353,"Eastern Time (US & Canada)","en","Aug","2013",682
"238",1662779209,"rh0lbr00k","USA",1799,1988,"Eastern Time (US & Canada)","en","Aug","2013",1970
"239",1663583694,"finnaglo","Chicago, IL",810,1507,"Eastern Time (US & Canada)","en","Aug","2013",911
"240",1668314575,"johnieboycooks","Atlanta, GA",674,1499,"Eastern Time (US & Canada)","en","Aug","2013",647
"241",1670762347,"adamchapmanjr","Arizona, USA",835,1282,"Eastern Time (US & Canada)","en","Aug","2013",728
"242",1675280893,"brianthelifter","Atlanta, GA",880,1244,"Eastern Time (US & Canada)","en","Aug","2013",698
"243",1678552327,"wokefromday1","",782,1761,"Eastern Time (US & Canada)","en","Aug","2013",829
"244",1680366068,"willisbonnerr","Ferguson, MO",571,1356,"Eastern Time (US & Canada)","en","Aug","2013",470
"245",1683608846,"jerstoner","USA",596,1249,"Eastern Time (US & Canada)","en","Aug","2013",464
"246",1685229229,"nehemiahx","USA",691,1137,"Eastern Time (US & Canada)","en","Aug","2013",642
"247",1688003786,"queennarielle","USA",909,1614,"Eastern Time (US & Canada)","en","Aug","2013",941
"248",1691000604,"robertebonyking","Chicago, IL",591,1141,"Eastern Time (US & Canada)","en","Aug","2013",478
"249",1695671640,"johnnymarch_","",668,1431,"Eastern Time (US & Canada)","en","Aug","2013",765
"250",1696996141,"kencannone","NH",774,1264,"Eastern Time (US & Canada)","en","Aug","2013",580
"251",1706657124,"janelperkinson","US",942,1570,"Eastern Time (US & Canada)","en","Aug","2013",1119
"252",1709314117,"aantiracist","Missouri, USA",897,1498,"Eastern Time (US & Canada)","en","Aug","2013",735
"253",1711063908,"cookiiieeessss","USA",678,1587,"Eastern Time (US & Canada)","en","Aug","2013",779
"254",1850866398,"bricegeller","USA",711,1386,"Eastern Time (US & Canada)","en","Sep","2013",661
"255",1863956756,"corynaenae","USA",674,1153,"Eastern Time (US & Canada)","en","Sep","2013",520
"256",1868810166,"bigboysneed","USA",555,1281,"Eastern Time (US & Canada)","en","Sep","2013",512
"257",1873206768,"brentmcclure275","",646,1425,"Eastern Time (US & Canada)","en","Sep","2013",1008
"258",1877492857,"chesplayschess","USA",1404,15943,"Eastern Time (US & Canada)","en","Sep","2013",1736
"259",1882324014,"pati_cooper","United States",1262,1898,"Eastern Time (US & Canada)","en","Sep","2013",1532
"260",2351739462,"coldwar20_ru","Россия, Москва",44470,32426,"Volgograd","ru","Feb","2014",5300
"261",2491401030,"cliftonhughes_","United States",866,1236,"Eastern Time (US & Canada)","en","May","2014",975
"262",2496599688,"notritahart","Atlanta",1619,2224,"Eastern Time (US & Canada)","en","May","2014",2802
"263",2497991305,"austinlovesbeer","USA",33,103,"Eastern Time (US & Canada)","en","May","2014",41
"264",2530830345,"neworleanson","New Orleans, LA",27745,44882,"Central Time (US & Canada)","en","May","2014",11333
"265",2533221819,"lazykstafford","USA",2187,1752,"Volgograd","en","May","2014",1818
"266",2534421182,"abigailssilk","Atlanta",858,1592,"Eastern Time (US & Canada)","en","May","2014",629
"267",2537507303,"elpasotopnews","El Paso, Texas",14648,8050,"Central Time (US & Canada)","en","May","2014",5033
"268",2573225349,"dominicvalent","US",2569,2775,"Eastern Time (US & Canada)","en","May","2014",3072
"269",2577082467,"todaycincinnati","Cincinnati, OH",16483,15189,"Central Time (US & Canada)","en","Jun","2014",9184
"270",2580516159,"jmscoxxx","USA",1302,1652,"Eastern Time (US & Canada)","en","Jun","2014",2407
"271",2591847731,"todaybostonma","Boston, USA",15376,15425,"Eastern Time (US & Canada)","en","Jun","2014",8840
"272",2598367019,"dickyirwin","USA",2033,2309,"Eastern Time (US & Canada)","en","Jun","2014",3105
"273",2611151319,"seattle_post","Seattle, WA",17222,27013,"Central Time (US & Canada)","en","Jun","2014",5254
"274",2628066159,"houstontopnews","Houston, TX",16678,20564,"Central Time (US & Canada)","en","Jun","2014",9562
"275",2630842499,"dailysandiego","San Diego, CA",15702,18733,"Pacific Time (US & Canada)","en","Jun","2014",5435
"276",2675966513,"dallastopnews","Dallas, Texas",18843,19714,"Central Time (US & Canada)","en","Jul","2014",7664
"277",2944766250,"atlanta_online","Atlanta, GA",17346,12995,"Eastern Time (US & Canada)","en","Dec","2014",9424
"278",2944944427,"todaymiami","Miami, FL",18832,8218,"Eastern Time (US & Canada)","en","Dec","2014",9705
"279",3070151882,"entatjanamax","Brussel, België",609,6946,"Volgograd","ru","Mar","2015",2326
"280",3074013672,"oaklandonline","Oakland, CA",12147,14867,"Pacific Time (US & Canada)","en","Mar","2015",10232
"281",3081110164,"jacksoncitypost","Jackson, MS",2643,6308,"Eastern Time (US & Canada)","en","Mar","2015",2074
"282",3092302720,"kelvsok","New York, NY",0,165,"Eastern Time (US & Canada)","en","Mar","2015",1
"283",3098232473,"nataturn","New York, NY",6,173,"Eastern Time (US & Canada)","en","Mar","2015",15
"284",3824403809,"novostidamask","",20247,8500,"Volgograd","ru","Sep","2015",2784
"285",3969530725,"patriototus","Texas, USA",11811,1706,"Eastern Time (US & Canada)","en","Oct","2015",9265
"286",4103087435,"patriot_archive","",7669,609,"Pacific Time (US & Canada)","en","Nov","2015",7109
"287",4208754922,"missourinewsus","",5550,1407,"Pacific Time (US & Canada)","en","Nov","2015",5377
"288",4209684039,"luke_jones13","",2960,286,"Pacific Time (US & Canada)","en","Nov","2015",1693
"289",4233777387,"nj_blacknews","New Jersey, USA",2820,451,"Pacific Time (US & Canada)","en","Nov","2015",1890
"290",4289431230,"redlanews","Lafayette, LA",9767,1530,"Pacific Time (US & Canada)","en","Nov","2015",8729
"291",4289925109,"blacneighbor","",2458,1179,"Pacific Time (US & Canada)","en","Nov","2015",2176
"292",4299815909,"jeblary2016","",8462,1176,"Pacific Time (US & Canada)","en","Nov","2015",6347
"293",4795201707,"muslims_in_usa","",2471,649,"Pacific Time (US & Canada)","en","Jan","2016",1787
"294",2438338479,"oooonlyone","",112,1205,"Baku","ru","Mar","2014",150
"295",2498181012,"ostrovofficer","Москва",241,1616,"Moscow","ru","May","2014",310
"296",2516933027,"dannymaslov","Saint Petersburg, Russia",149,376,"Baku","ru","Apr","2014",643
"297",2528799640,"gffgfsfgfsdffjj","",152,828,"Volgograd","ru","May","2014",249
"298",2536836075,"oh_frida","",95,1703,"Volgograd","ru","May","2014",120
"299",2544279414,"shocko_10","",79,1914,"","en","Jun","2014",216
"300",2567949836,"horrorki","",84,1778,"Volgograd","ru","Jun","2014",343
"301",2578327831,"mikkyrurk","",76,1433,"Moscow","ru","Jun","2014",34
"302",2578879620,"zistti","",76,1463,"Volgograd","ru","Jun","2014",323
"303",2579089021,"lysikvinkova","Мурманск",2347,636,"Moscow","ru","Jun","2014",49
"304",2582643409,"arkadii_trofim","Ватноград",2096,1549,"Volgograd","ru","Jun","2014",261
"305",2586251828,"lila_gorila","Москва",85,1884,"Volgograd","ru","Jun","2014",251
"306",2808833544,"maxdementiev","",98412,30624,"Yerevan","ru","Sep","2014",94
"307",2992047969,"yattvrussia","Санкт-Петербург",289,378,"","ru","Jan","2015",502
"308",38875764,"leecory","St-Petersburg",14,219,"St. Petersburg","ru","May","2009",6
"309",2519634855,"maksblaginin","Омск",4749,223,"Moscow","ru","Apr","2014",84
"310",2525622731,"tebepizdec","",6360,1325,"Eastern Time (US & Canada)","ru","May","2014",1265
"311",2532553697,"krasilnikovbor","Москва, Россия",329,287,"Volgograd","ru","May","2014",264
"312",2537243471,"banttanantta","",94,119,"Moscow","ru","May","2014",278
"313",2542876557,"rogovilia","Москва",2305,208,"Volgograd","ru","May","2014",52
"314",2579368386,"krustyps","Красти Бургер ",186,63,"Volgograd","ru","Jun","2014",323
"315",3608261007,"policestateme","",1468,611,"Pacific Time (US & Canada)","en","Sep","2015",2092
"316",3900319276,"mideastview","",2933,10983,"Muscat","en","Oct","2015",1655
"317",87588938,"anzgri","",1267,61735,"Moscow","ru","Nov","2009",36
"318",1497280638,"lynsrodriguez","",785,1189,"Eastern Time (US & Canada)","en","Jun","2013",1015
"319",1625965398,"meggieoneil","portland",955,1594,"Eastern Time (US & Canada)","en","Jul","2013",2020
"320",1701582961,"edmundrjr","Brooklyn, NY",536,1087,"Eastern Time (US & Canada)","en","Aug","2013",588
"321",2431598206,"margoberoeva","Москва",285,6109,"Nairobi","ru","Mar","2014",251
"322",2537357265,"donnielmiller","LA",1363,2094,"Eastern Time (US & Canada)","en","May","2014",2565
"323",2541109454,"heyitsglor","United States",74,14,"Eastern Time (US & Canada)","en","Jun","2014",206
"324",2570574680,"riafanru","Россия ",11370,57212,"Minsk","ru","Jun","2014",2908
"325",2589513234,"zubovnik","Москва",26002,19641,"Volgograd","ru","Jun","2014",657
"326",2912754262,"pigeontoday","United States",29524,15665,"Eastern Time (US & Canada)","en","Dec","2014",21248
"327",3308949087,"mbrownhere","",19,119,"","en","Jun","2015",237
"328",3989295372,"instotus","",4516,581,"Pacific Time (US & Canada)","en","Oct","2015",4741
"329",4444330996,"globalfoe","Cosmopolitanism",1294,493,"Pacific Time (US & Canada)","en","Dec","2015",2797
"330",7.33273e+17,"chrisuport_port","Hessen, Deutschland",3178,741,"Berlin","de","May","2016",3866
"331",7.52965e+17,"darrell_h_hunt","",1,1,"","en","Jul","2016",46
"332",7.53215e+17,"margarethkurz","",6,250,"Bern","de","Jul","2016",136
"333",7.50368e+17,"sternandreas404","",17,253,"Madrid","de","Jul","2016",149
"334",7.31123e+17,"whitehousecards","Washington, DC",9426,385,"Moscow","ru","May","2016",3047
"335",2429465939,"arseni_roman","",72,1281,"Moscow","ru","Mar","2014",241
"336",2482076083,"bratuha_borcuha","",90,1131,"Moscow","ru","May","2014",226
"337",7.3579e+17,"bydrbre_","",14353,1035,"Moscow","ru","May","2016",6565
"338",7.23435e+17,"erdollum","",5811,2556,"Berlin","de","Apr","2016",4845
"339",2588336851,"inspectan","Москва",129,950,"Volgograd","ru","Jun","2014",211
"340",7.47344e+17,"internalmemer","the corner of happy & healthy",92,3871,"","en","Jun","2016",74
"341",2516294981,"krivelev_law","",115,646,"Moscow","ru","Apr","2014",371
"342",2563075183,"med_harley","",88,1321,"Volgograd","ru","Jun","2014",518
"343",2577151334,"milimillennium","",88,1807,"Volgograd","ru","Jun","2014",108
"344",2519246716,"mrservelat","",98,1564,"Moscow","ru","Apr","2014",240
"345",2525491683,"nana_lama","Москва",140,1727,"Volgograd","ru","May","2014",430
"346",2534367226,"politopros","",19678,653,"Moscow","ru","May","2014",3695
"347",2575626468,"shikarnoel","Омск",87,1288,"Volgograd","ru","Jun","2014",349
"348",2504601561,"ttlenlen","СПб",120,2040,"Moscow","ru","Apr","2014",115
"349",7.89266e+17,"worldnewspoli","Estados Unidos",1957,638,"","es","Oct","2016",4755
"350",7.4887e+17,"4ever1937","",4476,33,"","ru","Jul","2016",380
"351",7.50675e+17,"andreaseulitz","",9,98,"London","de","Jul","2016",95
"352",7.52825e+17,"angela_lattke","",14,231,"Bern","de","Jul","2016",90
"353",7.14721e+17,"berkhoff85","Berlin, Deutschland",1753,1041,"Berlin","de","Mar","2016",3179
"354",7.25306e+17,"berlinbote","",8,6804,"Bern","de","Apr","2016",0
"355",7.19275e+17,"blacktivists","",2404,710,"Pacific Time (US & Canada)","en","Apr","2016",1424
"356",2401770593,"briys_valera","Moscow, Russia",91,1078,"Baku","en","Mar","2014",53
"357",7.59825e+17,"chaneutral","United States",1,16,"","en","Jul","2016",55
"358",7.52864e+17,"fischermaria933","",17,217,"Berlin","de","Jul","2016",75
"359",7.56554e+17,"georevieweurope","",37,16,"Pacific Time (US & Canada)","en","Jul","2016",281
"360",2588788573,"gorelkinnn","Москва",98,999,"Moscow","ru","Jun","2014",340
"361",7.0367e+17,"inst_vets","",2618,184,"","en","Feb","2016",4244
"362",7.19281e+17,"jihadist2ndwife","Islamic States of America",5081,1071,"Pacific Time (US & Canada)","en","Apr","2016",3797
"363",2589592793,"jorda_morgan","",67,738,"Volgograd","ru","Jun","2014",104
"364",7.52973e+17,"lgbtuni","",338,453,"","en","Jul","2016",262
"365",535690498,"lmarinays","",785,9394,"Volgograd","ru","Mar","2012",202
"366",7.16919e+17,"lukas_rosler","",1217,1212,"Berlin","de","Apr","2016",3067
"367",3906961827,"maximgaron1","Paris",82,1024,"Paris","fr","Oct","2015",522
"368",7.63665e+17,"mmmdarya","",3263,248,"Pacific Time (US & Canada)","ru","Aug","2016",380
"369",2533095573,"moda_barina","",74,862,"Volgograd","ru","May","2014",52
"370",7.18341e+17,"mtthsberger","",980,1135,"Berlin","de","Apr","2016",2966
"371",2545365862,"mwiqcen","",244,1291,"Volgograd","ru","May","2014",257
"372",7.48465e+17,"peeonhillary","United States",30,4,"Pacific Time (US & Canada)","en","Jun","2016",1510
"373",7.50346e+17,"peterkistner","",52,248,"Berlin","de","Jul","2016",632
"374",7.62948e+17,"rus_in_usa","",5,13,"","ru","Aug","2016",18
"375",7.52792e+17,"schultei2","",10,244,"Berlin","de","Jul","2016",100
"376",7.5286e+17,"sonderkatharina","",26,393,"Berlin","de","Jul","2016",210
"377",7.52882e+17,"tinatkurtz1222","",7,134,"Bern","de","Jul","2016",55
"378",7.4999e+17,"ttsvetkov","st/petersburg",3216,2271,"","en","Jul","2016",405
"379",7.03291e+17,"williams8kalvin","",740,326,"","en","Feb","2016",599
"380",7.03303e+17,"williams_diana_","",1973,170,"Pacific Time (US & Canada)","en","Feb","2016",4468
"381",7.5285e+17,"joachimbuchwitz","",1,5,"Berlin","de","Jul","2016",50
"382",7.50656e+17,"klara_sauber","",25,11,"Bern","de","Jul","2016",192
"383",7.49931e+17,"marianeuberg1","",8,15,"Bern","de","Jul","2016",100
